hhnum,inchhavg_r
100012,4667.33
100015,1200.0
100024,5024.5
100026,1800.0
100028,3998.0
100031,7820.65184448042
100040,1500.0
100049,3263.338
100053,3033.33
100054,15000.0
100055,2000.0
100059,5995.0
100060,1377.0
100061,3025.4
100067,8952.67
100069,2822.0
100073,1935.0
100074,6253.0
100076,4580.0
100083,1523.0
100088,3600.0
100093,4200.0
100095,1534.0
100104,12320.0
100106,2613.0
100107,1192.64367307287
100110,2639.98988940414
100114,7900.0
100128,2546.0
100132,855.4
100135,615.77409997
100138,6976.60057670997
100140,21805.45279398
100146,1260.0
100148,3282.13726894144
100150,1716.33
100151,4223.0
100155,10080.0
100158,11970.0
100159,212.786485140315
100162,1120.0
100163,3640.0
100167,2680.0
100174,1574.0
100183,877.5
100186,5680.0
100188,2300.0
100192,2673.338
100194,6325.0
100197,10333.33
100203,1550.0
100207,2800.0
100209,1260.0
100210,6500.0
100214,2630.0
100220,1680.0
100223,3000.0
100225,1973.67
100228,13797.0
100229,5320.0
100231,4460.0
100238,7850.91170796
100240,3515.54733950763
100244,4900.0
100246,3500.0
100255,4780.0
100262,3220.54100832762
100267,3050.0
100268,8053.338
100272,0.0
100273,3500.0
100274,2350.0
100276,3008.55
100283,2897.0
100284,801.0
100286,1341.60910245009
100287,3563.41515422938
100292,8079.99999999999
100295,15120.0
100296,628.0
100297,3277.52382672513
100304,10000.0
100305,1316.0
100317,5000.0
100319,7302.78672664203
100322,2000.0
100323,1012.0
100324,568.0
100325,1000.0
100330,2467.0
100337,3360.0
100339,1396.0
100341,1236.2
100350,1190.0
100360,2829.00724793609
100361,7677.99381396955
100363,6545.0
100368,843.0
100369,3946.0
100373,3033.338
100380,1411.0
100381,7700.0
100384,2088.0
100389,3360.0
100391,2500.0
100406,801.0
100408,25650.0
100409,3128.23103427601
100419,1864.73891942691
100426,0.0
100436,4190.0
100438,1800.0
100442,5459.0
100444,2962.01973904075
100446,2183.21365111128
100447,8070.03037
100449,2333.338
100456,560.0
100457,4400.0
100458,1600.0
100459,3936.97708279647
100460,2267.52595331973
100461,910.0
100464,700.0
100476,1901.49885990545
100485,2121.93030058063
100486,8333.25
100487,4423.338
100489,490.0
100490,8032.11772025461
100493,15348.0394262297
100494,3173.33
100499,4610.56795202
100501,605.0
100502,4470.34
100504,4722.0
100506,1760.0
100509,7000.0
100513,5044.0
100514,1406.0
100520,828.0
100525,8399.99999999999
100529,1970.1
100533,4271.0
100534,1100.0
100536,3017.82827844
100539,1522.738
100545,1455.9
100554,1021.0
100557,4900.0
100558,4377.1
100562,2353.67
100563,4355.93661424353
100568,2537.47085155144
100572,4340.0
100575,1677.0
100580,3160.738
100584,3000.0
100588,9500.0
100594,1341.0
100595,2149.0
100607,680.0
100622,2040.0
100623,11040.0
100630,200.0
100633,6680.0
100636,902.0
100641,1484.25384137947
100649,1015.0
100656,4695.0
100661,6960.0
100662,4000.0
100663,11340.0
100664,7560.0
100666,1950.0
100668,1080.0
100671,453.0
100681,2166.67
100686,1540.0
100689,20226.09
100690,1250.0
100692,1083.42641497452
100693,2320.0
100697,6574.47869683669
100700,1820.0
100705,2710.0
100714,225.0
100719,3120.0
100720,2800.0
100722,2780.0
100724,1323.0
100726,3240.0
100741,6413.338
100742,2049.67
100753,22000.0
100761,3729.0
100768,1726.83
100781,3436.0
100783,2209.0
100784,3890.6
100785,1239.0
100792,4900.0
100796,8666.66999999999
100798,4779.67
100799,11578.67
100804,1100.0
100805,1524.0
100808,2380.0
100810,6400.33
100813,5325.65956074
100816,0.0
100822,480.0
100827,0.0
100831,5388.0
100832,2897.0
100835,9099.99999999999
100840,2260.13981603967
100841,2390.82392842589
100843,6800.0
100845,91.1622659521773
100857,4200.0
100870,2788.84515599969
100875,3164.0
100885,1900.0
100888,7835.0
100889,2638.6224483892
100900,3910.0
100901,1815.33
100903,1402.0
100905,2740.65686602
100908,700.0
100917,2760.38639816029
100920,4200.0
100925,4480.0
100927,55.0
100928,25650.0
100929,2016.0
100933,1950.0
100934,4024.0
100939,929.0
100948,3229.0
100953,698.0
100958,4800.0
100974,166.216755653959
100981,0.0
100984,853.0
100985,7420.85351813397
100992,2050.17
101000,1478.1634661009
101011,2574.55
101013,1700.0
101014,854.0
101018,13150.0
101019,840.0
101020,11178.2795542263
101024,583.416409808
101031,2261.0
101036,2182.0
101046,4593.332
101050,0.0
101056,800.0
101057,1120.0
101061,7266.0
101062,2162.062
101063,1300.0
101078,2480.83584579567
101081,766.477502732779
101083,2240.0
101088,430.197710306106
101090,1951.4007182006
101094,3578.17
101095,1680.0
101104,2503.2
101105,1600.0
101109,6966.97293732027
101112,1562.162
101113,2800.0
101115,250.638512029
101125,2089.67342649297
101129,1680.0
101130,3500.0
101134,2000.0
101137,1540.0
101141,2639.0
101148,1502.9
101151,1805.0
101152,0.0
101154,5500.0
101175,3778.0
101176,2371.662
101180,3943.338
101187,3055.3094959363
101193,698.0
101195,878.0
101196,2800.0
101203,3412.262
101204,5450.0
101210,1822.0
101218,2620.0
101219,112.0
101223,769.503458251709
101227,7586.67
101228,2516.662
101236,5339.0
101242,1820.0
101244,6546.324
101253,4000.0
101254,1988.0
101261,1980.04848555319
101267,1960.0
101268,9839.99999999999
101269,1931.02888320014
101271,430.0
101291,6020.0
101292,4000.0
101301,9800.0
101306,1700.0
101308,3706.0
101310,7140.0
101316,11900.0
101321,3360.0
101322,1219.0
101323,5970.0
101326,5100.0
101333,1539.0
101339,718.0
101341,2240.0
101343,11000.0
101346,10000.0
101347,718.0
101351,3249.83
101354,1309.43816572428
101359,3013.0
101362,1466.0
101369,1052.562
101371,8610.67
101372,6707.0
101373,2100.0
101374,3150.0
101375,3900.0
101379,1083.33
101385,5833.0
101386,9760.0
101389,5210.662
101396,2197.0
101399,6991.7
101400,2705.0
101405,1600.0
101411,4940.0
101417,5435.18774343889
101419,1960.0
101426,2480.0
101431,3000.0
101442,3060.0
101449,1600.0
101450,6200.0
101451,87.9222111221032
101456,2520.0
101459,3080.0
101460,1250.0
101469,25650.0
101478,2071.0
101481,2600.0
101492,8231.58184734989
101494,12188.0
101498,600.0
101499,1718.78335848703
101500,5002.0
101501,2620.0
101502,805.0
101503,2426.662
101519,2280.0
101521,1517.0
101523,2310.0
101524,1480.0
101525,5600.0
101530,3780.0
101531,1068.0
101537,4620.0
101541,2020.0
101542,6160.0
101543,1700.0
101552,600.0
101557,3954.92273295344
101559,6661.65051988016
101560,6020.0
101570,8013.0
101574,686.0
101575,5411.43367476686
101576,1516.67
101580,2287.42957901897
101581,863.755690780416
101585,5800.0
101586,1668.338
101590,3400.0
101591,18258.0
101598,3958.16366368805
101599,1396.0
101601,3918.92570914923
101602,3948.99
101603,25650.0
101608,3669.97342891657
101609,1180.0
101611,949.014916785859
101618,7840.0
101624,3620.0
101625,2572.0
101626,1416.0
101630,9000.00000000001
101631,826.400906408744
101636,910.0
101637,3943.338
101638,699.0
101640,2720.0
101643,1100.0
101652,3921.91
101656,4690.0
101661,3150.0
101663,4099.0
101664,5822.0
101668,1150.0
101669,6081.0
101670,5380.0
101678,2761.2
101680,3900.0
101682,872.982591132
101690,3496.0
101693,0.0
101697,1400.0
101703,5922.31700056
101705,2422.0
101709,3033.338
101712,5024.88
101713,4589.0
101718,2730.0
101719,1759.338
101729,1800.0
101730,1415.484
101738,3640.11675985298
101739,1087.67
101744,724.353578050814
101749,2606.8
101750,5666.67
101752,4129.0
101756,11636.2690869678
101757,2145.0
101758,2096.0
101759,2600.0
101761,1687.0
101763,8000.0
101771,936.975293432454
101776,2660.0
101777,13383.33
101784,2158.338
101785,2848.0
101790,5151.0
101794,2256.0
101795,1600.536212768
101797,5040.57099589548
101803,3390.0
101812,5300.0
101815,6711.95782046137
101824,362.132726666219
101825,1292.39268150577
101828,2100.0
101829,768.0
101831,3782.73120468229
101833,10163.0
101840,1500.0
101844,2747.12058820819
101845,2736.0
101856,1533.32556720264
101857,4014.1310379825
101859,1500.0
101862,8262.95687593277
101870,3513.27099434857
101874,4385.33
101880,2456.14263678229
101881,1219.0
101888,1403.0
101889,5676.67
101890,3640.0
101895,1222.0
101896,1600.0
101906,2211.39941747064
101908,4451.0
101918,1477.0
101919,1050.0
101923,854.0
101924,0.0
101931,2468.2
101932,2240.0
101933,5400.0
101934,2740.60687611216
101935,3395.16
101941,2599.992
101945,3200.0
101953,4592.462
101955,8400.0
101972,2000.0
101973,3407.0
101982,944.0
101983,854.0
101986,3700.0
101987,1913.0
101989,1108.0
101995,8680.0
102001,541.230043587145
102008,6934.60583872383
102010,3640.0
102023,1960.0
102024,0.0
102025,2968.34
102027,2546.0
102038,2800.0
102045,1000.0
102047,1470.0
102050,1386.0
102054,4322.0
102055,795.0
102056,3370.5291126041
102059,8493.324
102062,4060.0
102063,2253.33
102064,1400.0
102078,1540.0
102080,2720.0
102086,2665.0
102089,2426.662
102092,2994.29601126161
102098,2576.43497464544
102105,784.0
102106,9999.99999999999
102107,1512.0
102115,3640.0
102121,4352.0
102123,781.0
102126,2019.0
102132,2998.0
102136,3640.0
102138,1408.64367986695
102142,520.467935435665
102143,2131.0
102144,2500.0
102145,2800.0
102149,5308.338
102153,2763.33
102156,3234.31793984374
102158,3544.668
102161,18166.67
102163,21573.0
102166,845.0
102167,3486.0908295825
102173,13800.0
102177,866.67
102183,1578.68219586764
102186,13200.0
102193,2520.0
102205,503.225359617121
102211,789.84
102216,2295.49202978
102222,500.0
102228,865.812949339124
102230,1629.95030101884
102237,9966.67000000001
102238,2500.0
102240,2675.0
102244,0.0
102248,5524.24522268776
102249,7200.0
102258,840.0
102260,1083.33
102263,5000.0
102269,2850.0
102276,4729.0
102277,3350.0
102281,1063.0
102282,7625.092895548
102283,2400.0
102293,5138.67
102295,2797.0
102299,3262.67164992495
102304,1314.0
102313,6000.0
102316,4201.0
102317,718.0
102318,9800.0
102320,1213.338
102324,1737.735957086
102326,1960.0
102329,1480.0
102336,3640.0
102341,0.0
102345,2100.0
102347,1199.99534461839
102355,1782.0
102356,2773.33
102358,5584.0
102360,2835.41
102361,2700.0
102383,2200.0
102387,12968.1173290567
102390,3734.0
102391,1149.4
102398,5498.44474400827
102411,2100.0
102412,4340.0
102416,808.0
102418,3600.0
102419,910.0
102420,1700.0
102422,1400.0
102423,5460.0
102429,4200.0
102430,2051.40991619718
102431,4530.54259809884
102434,2009.4
102436,6000.0
102442,225.0
102445,1500.0
102451,5686.0
102454,2785.0
102457,960.0
102459,853.0
102462,2782.338
102465,7549.99999999999
102466,2546.18527416494
102471,5922.0
102478,1860.15
102479,1792.0
102482,3033.33
102483,242.2
102487,875.729719991804
102488,698.0
102500,2400.0
102503,711.064740606742
102508,3221.33
102511,1980.0
102512,7889.18901666946
102516,4165.5
102521,760.0
102523,1120.0
102525,3640.0
102527,500.0
102530,1865.80218094196
102531,1624.0
102536,600.0
102539,1282.0
102541,1406.64874727004
102544,3479.6203509124
102545,1396.0
102560,4200.0
102573,2303.75
102580,3510.0
102583,6500.0
102584,645.0
102585,1820.0
102588,1100.0
102589,13300.0
102590,900.0
102593,628.0
102600,1486.33
102604,2800.0
102606,3413.30331646978
102607,4750.0
102615,25650.0
102618,2000.0
102620,1362.0
102621,8233.33
102626,1080.0
102630,2560.0
102639,6910.0
102640,3271.49942402488
102641,20586.67
102646,3700.0
102650,313.179021073789
102655,170.982609866698
102665,9225.67
102681,2595.6
102683,1950.0
102693,1200.0
102696,2068.662
102700,6160.0
102703,1200.0
102716,3899.59494559102
102726,741.152654931249
102728,3500.0
102730,10460.0
102734,11690.0
102741,4039.27430344614
102747,1805.0
102753,959.820745481318
102756,6600.0
102758,4200.0
102759,3835.8034323948
102761,2068.738
102764,1540.0
102765,1143.62603905151
102769,2771.73061120618
102770,6275.738
102775,2016.0
102776,4864.94259773613
102778,2700.86504138651
102783,2094.0
102786,494.579863794848
102791,2356.0
102792,3025.0
102794,4166.67
102795,1960.0
102796,370.0
102803,1200.0
102804,1822.0
102805,3640.0
102815,3486.70834754092
102820,5460.0
102824,3330.16056771125
102826,2250.0
102837,2770.0
102839,3538.0
102841,1891.0
102846,2911.0
102848,1750.0
102862,2500.0
102865,4112.49112436496
102868,1204.4
102873,4000.0
102875,3000.0
102876,4385.73471084893
102886,1330.0
102904,4311.67
102905,1560.0
102910,1733.0
102912,1457.74524041679
102918,2837.44113709011
102919,4865.0
102928,1256.67
102931,1300.0
102936,864.0
102939,2209.338
102947,2700.0
102953,4536.0
102976,1615.0
102981,4500.0
102986,775.67
102989,2989.992
102994,4.3980523226026
103007,752.0
103008,1070.0056595046
103012,4242.67
103013,1200.0
103014,2800.0
103018,5362.0
103021,3080.0
103023,3654.0
103024,2100.0
103030,2460.0
103036,5336.0
103037,4706.38120271968
103038,4002.0
103043,2100.0
103057,2669.4
103058,350.0
103061,4451.0
103067,4853.338
103068,4246.676
103069,6534.67
103073,1800.0
103075,820.0
103076,1966.0
103080,2380.0
103081,3263.42183687083
103086,492.0
103087,2930.1
103089,0.0
103094,980.0
103095,1175.0
103097,2520.0
103104,978.0
103106,4160.0
103107,1995.0
103115,7420.0
103118,3035.92812774331
103126,1600.0
103128,0.0
103134,3033.324
103140,1932.0
103143,11048.0
103147,4340.0
103149,850.0
103152,3921.263328746
103153,1372.0
103154,3597.82819947524
103156,739.0
103157,1600.0
103158,2440.0
103160,4368.0
103164,1971.98587364958
103165,5723.67
103168,3913.0
103173,6663.0
103186,2032.63334454792
103199,5925.17862990637
103200,2488.01243497943
103202,2383.33
103203,4200.0
103207,2200.0
103211,2800.0
103216,2520.0
103217,2576.0
103218,2900.0
103220,2660.0
103221,2100.0
103234,7000.0
103236,1660.0
103243,4912.76442996
103244,6120.0
103245,6664.0
103253,3000.0
103254,1125.88916517515
103263,829.0
103268,3000.0
103273,2327.34419199106
103274,3336.662
103278,1960.0
103287,3161.6766164016
103290,3800.0
103291,5600.0
103295,1154.0
103300,7610.67249222115
103303,3440.0
103312,3135.0
103313,12501.67
103314,1260.0
103317,1410.0
103318,4350.0
103322,1150.0
103331,900.0
103333,1217.9
103334,2590.0
103335,6440.662
103338,1421.0
103341,9100.0
103345,1529.62759972471
103347,2243.0
103362,5304.75131491363
103369,2500.0
103382,1460.0
103392,1490.67
103395,1153.0
103401,11400.0
103409,2400.0
103410,7107.02743019513
103412,0.0
103413,2800.0
103421,3442.9339460866
103425,9239.99999999999
103439,4166.67
103440,1490.0
103442,3600.0
103447,1224.0
103455,6428.12661714
103458,1821.67241434512
103464,2080.008
103466,20583.33
103469,2000.0
103472,3618.662
103474,5320.0
103478,4099.71
103488,4174.0
103494,13866.66
103498,1300.0
103499,1500.0
103508,1000.0
103517,925.189249790242
103524,3968.01165734636
103531,8926.0
103534,11700.0
103535,5460.0
103539,3700.0
103545,3780.0
103549,1000.0
103552,2372.0
103554,2864.0
103558,0.0
103559,2000.0
103561,827.0
103564,0.0
103566,4159.992
103567,2200.0
103568,5393.48452159894
103576,1960.0
103577,1600.0
103582,5499.75
103588,2800.0
103591,1912.3
103593,3300.0
103595,6163.11294372204
103596,1400.0
103598,5449.59219592638
103600,1632.0
103609,325.0
103613,2300.0
103623,8620.0
103625,8761.0
103635,1466.8
103638,976.0
103641,175.0
103645,1227.43369691404
103646,2291.92
103650,1900.0
103657,9100.0
103659,4639.02343497031
103666,800.0
103669,3033.338
103679,1442.0
103680,2239.4577133
103684,420.0
103687,2300.0
103690,700.0
103698,997.0
103702,4400.0
103713,1233.33
103715,8012.45552793127
103718,7059.6
103721,0.0
103722,1240.0
103725,1600.0
103728,3050.67
103737,1750.0
103744,1376.05494445779
103747,10312.67
103750,8420.0
103757,388.077248491056
103759,4000.0
103761,2800.0
103764,3230.0
103771,0.0
103773,3520.97101467066
103777,25650.0
103781,5744.92
103784,1400.0
103787,1300.0
103789,2480.0
103790,1000.0
103793,1700.0
103797,1311.0
103803,250.0
103806,1680.0
103810,7144.03723637158
103814,225.0
103816,2310.0
103819,2000.0
103823,1260.0
103830,2931.17760308896
103836,10009.986
103837,3160.0
103839,4212.21494273033
103846,3864.0
103847,7889.89126671813
103848,3640.0
103853,1573.0
103862,8270.0
103864,3525.0
103866,1089.0
103870,3600.0
103872,3010.0
103879,563.0
103888,8766.322
103889,241.947815509584
103890,8796.66199999999
103892,12133.338
103893,0.0
103897,891.0
103900,2080.0
103905,4160.0
103909,7943.69307508
103915,3903.33
103917,3323.95461366
103923,4160.0
103926,1050.0
103935,4900.0
103941,6698.74390032493
103943,4200.0
103963,180.0
103965,4317.86078337813
103968,2098.65726162486
103976,4939.74628718461
103982,4200.0
103988,405.410877609911
103990,10370.0
103992,7872.0
103998,7420.0
104004,2986.24194588905
104006,4244.0
104007,10763.33
104010,160.0
104014,2100.0
104019,2520.0
104022,2400.0
104023,2123.338
104027,698.0
104030,2930.0
104036,23000.0
104040,1576.0
104045,3000.0
104050,2400.0
104051,1013.0
104052,7422.29969935782
104057,1027.0
104060,4600.0
104062,2621.67
104068,1561.71519636578
104071,3920.0
104091,1406.0
104098,1090.82221543962
104099,0.0
104102,1400.0
104106,2521.4
104109,11800.0
104115,561.0
104124,2800.0
104125,645.0
104132,2208.20483645242
104137,4000.0
104138,2296.0
104142,1616.0
104146,1600.0
104154,2100.0
104162,3794.0
104166,13583.0
104177,1428.0
104180,4800.0
104185,9150.00000000001
104186,1016.0
104192,2800.0
104195,1698.662
104198,7840.0
104199,13915.194
104204,6300.0
104205,2434.0
104209,1467.2
104213,0.0
104218,1760.0
104220,4433.0
104222,1400.0
104223,2171.0
104224,3197.0
104225,3450.0
104230,6999.65950161211
104234,3000.0
104240,5850.0
104248,3020.0
104255,8180.0
104263,4424.0
104271,5250.0
104272,718.0
104280,1427.0
104282,1989.0
104283,11760.0
104290,6328.0
104294,25650.0
104301,1516.662
104302,1044.0
104306,2250.0
104310,1848.0
104311,1795.0
104319,3724.5
104326,2240.0
104328,860.0
104333,6466.4
104334,25650.0
104336,1596.73425107304
104340,5522.94742735647
104342,882.85
104348,12291.0
104349,3585.0
104350,1600.0
104375,0.0
104376,825.0
104380,5213.0
104385,5040.0
104386,3477.97629607012
104389,2800.0
104392,5960.0
104398,8005.59233735689
104400,875.0
104405,11195.0
104406,11337.0
104408,1107.0
104416,6888.07713107268
104417,6794.662
104418,700.0
104423,3940.0
104424,3298.0
104426,779.175963663689
104432,2185.99462372326
104435,549.0
104436,1300.0
104439,2800.0
104449,3780.0
104453,5175.0
104460,1230.0
104462,2600.0
104464,2700.0
104466,1633.338
104470,1760.0
104475,6300.0
104480,7590.0
104481,0.0
104482,2483.33
104483,3817.67
104488,1779.0
104492,3920.0
104496,0.0
104499,11000.0
104502,2660.0
104504,841.425541561877
104506,4749.33
104509,842.0
104513,6432.33
104514,4700.0
104525,4900.0
104538,0.0
104539,7653.0
104540,5106.0
104542,4868.62714758026
104545,7067.72350254
104551,1075.0
104552,5200.0
104553,3560.0
104555,2100.0
104562,2300.0
104564,523.442370626781
104570,6800.0
104572,1736.0
104574,520.0
104575,1226.33
104588,2160.0
104596,312.873822672836
104607,1069.0
104609,2380.0
104610,1450.0
104613,3700.0
104614,7772.0
104625,1100.0
104635,853.675393817846
104644,1700.0
104656,1487.0
104663,2099.0
104667,2799.0
104668,6230.0
104669,2225.66
104671,5458.55353630579
104675,2426.662
104676,2965.0
104677,1256.0
104691,638.895475445923
104695,13093.2894099368
104697,2510.0
104699,1112.0178511345
104701,7052.01615489243
104719,6280.0
104727,1024.0
104730,2100.0
104731,4459.0
104734,2001.0
104751,2329.13227687893
104757,8341.662
104763,2440.0
104768,10000.0
104770,2986.67
104773,2324.14889115314
104777,284.0
104779,1400.0
104784,8933.31176538
104786,912.0
104789,1895.338
104791,6051.29655738402
104792,5851.0
104795,449.0
104801,1000.0
104802,6300.0
104818,1100.0
104825,1560.0
104827,1680.0
104828,0.0
104838,10833.0
104839,698.0
104840,18200.0
104850,3500.0
104857,3345.0
104860,700.0
104863,2100.0
104864,779.0
104869,9807.662
104872,1413.338
104874,4168.0
104877,1900.76528572608
104879,1929.0
104881,5000.0
104887,1900.0
104888,2940.0
104898,1900.0
104901,1093.5
104903,1078.0
104904,14283.33
104914,3172.008
104917,3080.0
104921,1889.45359759898
104924,2303.0
104928,842.455205208
104929,3590.0
104932,1425.70128718331
104938,3933.2
104941,1216.938
104949,5033.0
104953,5600.0
104960,3780.0
104966,1600.0
104967,2102.46620714425
104972,9916.67
104973,1638.43849210554
104989,1960.0
104990,1380.0
104997,3510.0
105000,4200.0
105006,6400.00000000001
105012,2800.0
105015,500.0
105016,1600.0
105020,3112.79245902817
105023,2948.17
105025,3000.0
105028,600.0
105034,3434.0
105055,1144.0
105058,3003.0
105062,1820.0
105070,5615.992
105072,640.0
105080,3466.66
105084,1260.0
105085,2520.0
105089,4060.0
105093,7060.0
105095,1619.25987013895
105100,4635.41743183361
105101,18605.0
105113,2800.0
105120,3420.0
105122,1008.0
105123,516.827189949125
105131,950.0
105135,2221.0
105141,1400.0
105142,10422.7469809574
105153,350.0
105163,1309.21974261501
105167,709.462
105168,13773.6
105175,3910.83
105176,2738.42216705713
105177,1600.0
105178,5600.0
105181,3393.0
105183,4560.0
105201,3000.0
105206,6399.99999999999
105211,836.784359343918
105220,2059.19154604835
105221,2713.33
105222,4333.33
105231,533.33
105235,13866.67
105237,5300.0
105239,800.0
105241,3080.0
105253,862.857475303554
105255,1207.21246635236
105256,3430.0
105259,25.7668652586797
105266,735.33
105272,5909.67
105275,5025.0
105284,1124.0
105285,2645.73505286638
105288,2600.0
105292,964.0
105304,1257.0
105308,2409.0
105309,8566.82164433271
105311,3740.0
105325,8581.913362627
105331,2520.0
105332,4900.0
105335,3650.0
105344,6801.8205551487
105350,1350.0
105361,1500.0
105362,2081.0
105364,2305.33
105367,3122.13288620441
105374,3000.0
105377,890.0
105378,2030.0
105380,5833.338
105383,2100.0
105385,1397.21743043705
105386,1152.0
105392,5400.0
105405,1535.33
105407,2030.0
105410,1300.0
105420,8634.35472722297
105421,12260.0
105423,3679.01
105424,450.0
105426,1890.0
105427,25650.0
105433,128.282051035082
105437,2193.98213753043
105441,3360.0
105454,7795.676
105460,617.736396431268
105461,7520.97893760675
105468,7700.0
105477,1960.0
105479,2400.0
105491,2240.0
105494,5087.04630386313
105495,4832.75629453856
105500,4000.0
105503,2496.33501241
105522,1235.0
105523,1770.33
105539,3155.85892569815
105540,5000.0
105554,7376.0
105558,7700.0
105561,10955.1889089379
105564,3726.668
105566,942.445240185535
105574,1644.67
105576,10200.0
105580,1885.0
105588,725.0
105591,4935.0
105592,2100.0
105600,7476.56320479853
105603,2480.19530102
105608,737.33
105610,1603.33
105615,368.0
105627,4480.0
105628,5100.0
105632,1177.0
105643,11168.835669
105644,1862.94656356564
105645,4848.0
105649,714.0
105652,7215.0
105657,1664.0
105669,676.0
105676,600.907973532317
105678,2240.0
105680,1967.0
105683,3521.10660176088
105685,5640.0
105686,15864.7967100294
105689,247.0
105690,1797.67
105691,395.182744210695
105697,1326.0
105704,3951.78980876073
105716,4820.0
105719,6000.0
105724,2100.0
105731,2900.0
105732,1800.0
105733,7563.65136962145
105736,17333.33
105739,2063.0
105747,2752.67
105753,1600.0
105756,2739.462
105761,4850.0
105763,1520.0
105764,1656.4796626
105765,2500.0
105769,2000.0
105780,3564.0
105792,6300.0
105793,1000.0
105796,2005.27085833003
105799,3000.05355602
105804,723.0
105809,4853.338
105812,3933.33
105813,525.0
105815,0.0
105832,8000.0
105840,1161.0
105846,1848.0
105856,4848.0
105864,10500.0
105874,851.0
105880,1820.0
105885,530.305895828615
105892,1800.0
105896,6700.0
105905,1464.0
105908,3982.0
105925,4900.0
105933,8627.93149084
105939,9166.662
105940,0.0
105942,710.0
105946,1188.0
105947,1680.0
105950,7167.538
105952,1200.0
105954,3700.0
105956,1330.0
105957,1278.33
105962,1323.5
105965,1730.0
105973,1250.0
105983,1190.10456106797
105985,1152.0
105994,4690.0
105995,1479.0032848949
106001,5633.33
106005,1620.0
106010,2570.0
106032,11406.67
106033,2400.0
106035,2975.0
106039,1500.0
106041,1757.20531526
106043,1820.0
106045,6760.0
106046,17760.0
106049,691.0
106052,6337.21735546
106055,1411.662
106066,1400.0
106071,7954.83109939569
106095,0.0
106097,3640.0
106098,1394.0
106101,2360.0
106102,3033.34
106110,1467.14679558768
106117,1680.0
106118,4520.0
106124,530.032574451185
106135,2094.74261293767
106136,2900.0
106138,25650.0
106140,7280.0
106145,3610.0
106147,4480.0
106150,800.0
106166,6720.0
106171,7440.0
106179,1516.662
106182,10000.0
106184,4583.33
106186,1900.0
106189,2000.0
106194,7097.84877938
106197,1605.0
106201,5650.0
106202,3245.02671207426
106207,13720.0
106214,3500.0
106215,1300.0
106221,14083.33
106228,2700.0
106250,2600.0
106255,5310.0
106256,0.0
106263,6444.0
106265,6499.17391849752
106267,2520.0
106268,0.0
106274,3406.6
106276,2142.938
106278,2100.0
106280,7591.2530592489
106281,1520.0
106292,6500.0
106293,4460.33
106294,5500.0
106300,2000.0
106310,2708.39049808786
106311,2726.662
106313,700.0
106317,1122.015122782
106322,0.0
106326,1820.0
106327,1452.0
106328,880.0
106331,2600.0
106335,700.0
106336,6933.33
106344,700.0
106351,3279.0
106354,3488.57042286199
106356,2800.0
106357,1400.0
106365,5482.0
106367,1289.18004881038
106370,4400.0
106377,742.67
106382,7802.0
106384,4850.0
106388,1477.9188967653
106390,5700.0
106396,3700.0
106398,1305.5711513625
106400,6150.0
106404,5180.0
106407,24561.3411340396
106412,3500.0
106414,5600.0
106415,0.0
106417,2500.0
106418,3080.0
106419,4290.0
106422,6160.0
106425,2883.68695219298
106432,1120.0
106441,8749.99999999999
106442,4880.0
106443,4331.0
106447,5115.0
106448,4360.8
106454,9468.33
106462,2400.0
106464,3402.99291090727
106467,1080.0
106468,956.200033792895
106471,1929.0
106472,1794.25842798307
106473,1120.0
106475,1274.0
106477,867.0
106484,626.989119175415
106486,7920.0
106487,1197.0
106491,2240.0
106492,11652.33
106493,0.0
106500,600.0
106504,6000.0
106507,1453.0
106508,3700.662
106509,1866.662
106518,1911.0
106534,3220.0
106535,5000.0
106536,6996.0
106542,1054.0
106550,3600.0
106558,1500.0
106562,11000.0
106577,18600.0
106581,6400.0
106582,2256.8
106586,9545.99999999999
106587,5858.07339777471
106589,2546.54100460001
106594,2400.0
106596,1888.0
106597,2044.0
106610,6440.0
106614,7720.0
106615,4169.0
106623,2123.338
106624,13000.0
106625,5557.0
106626,4340.0
106627,670.0
106629,7035.0
106630,968.0
106636,1770.0
106648,808.0
106651,1069.0
106652,0.0
106658,4040.0
106659,1876.0
106663,6413.33
106672,8340.0
106673,7688.58519737362
106683,7353.47072088027
106693,10658.492
106694,5000.0
106696,3400.0
106700,1140.0
106702,0.0
106705,2730.0
106710,2010.67442244537
106711,2166.67
106715,1710.0
106717,3200.0
106721,1125.42685243495
106724,5500.0
106727,1338.0
106728,675.0
106730,1213.338
106733,8926.66
106736,5058.0
106741,0.0
106743,0.0
106747,14544.4123320287
106750,1314.0
106762,698.0
106763,2600.0
106765,5022.33
106766,3400.0
106769,1344.0
106772,3570.0
106776,2691.0
106779,3397.338
106781,4700.0
106782,3216.0
106783,6905.6
106784,710.0
106786,7200.0
106796,205.0
106798,1820.0
106800,1400.0
106802,700.0
106804,1900.0
106805,2200.0
106806,2954.0
106813,960.0
106816,7791.33
106820,1143.05
106838,7400.0
106847,1280.0
106853,16847.6
106854,1120.0
106857,0.0
106860,2061.06372089025
106861,2160.0
106862,8213.338
106871,2842.0
106874,1355.0
106875,5918.26261027387
106886,3900.0
106888,3646.0
106889,6802.12411145327
106896,789.0
106912,1072.55524075896
106916,6576.0
106917,4254.33
106920,4170.0
106923,5140.0
106934,1872.662
106942,1742.662
106945,980.0
106947,710.0
106959,3400.0
106964,1018.33
106972,5100.0
106973,4396.0
106975,5711.67
106976,4853.338
106981,2950.0
106982,2660.0
106983,1391.41113257891
107002,11172.3971806355
107010,4573.38923406734
107011,2176.17297091563
107017,10173.786
107018,1440.0
107019,2562.0
107021,4478.0
107022,9450.0
107025,2073.338
107026,1394.0
107029,710.0
107041,2651.138
107042,17396.668
107045,25650.0
107047,1904.0
107050,2442.60713449068
107053,850.0
107055,4198.0
107067,2380.0
107069,5346.4
107071,2940.0
107072,3360.21109664
107074,3360.0
107075,6869.3174158415
107078,1450.0
107087,2605.34178647987
107093,1494.0
107099,4483.0
107109,4725.0
107114,2100.0
107118,4680.0
107119,14078.0
107123,2165.0
107124,1350.0
107125,698.0
107131,700.0
107141,2894.662
107149,4760.0
107152,805.0
107155,1786.0
107156,871.0
107162,2200.0
107166,3781.0
107174,11864.67
107176,4485.23970619948
107180,2528.84661280727
107182,1400.0
107187,2800.0
107190,2000.0
107191,1900.0
107195,595.0
107205,900.0
107206,999.880884108048
107220,4200.0
107221,1841.0
107226,3550.0
107236,7039.59579921536
107259,0.0
107260,1880.0
107263,7325.10436544453
107265,5650.0
107266,5600.0
107274,5459.2
107279,23389.83
107280,13800.0
107284,1200.0
107294,1763.18278559538
107296,6608.34000000001
107300,650.0
107301,14840.0
107302,914.33
107304,4491.0
107310,5763.324
107311,1778.74407932388
107314,10077.6402620998
107320,8453.2
107323,3256.0671788
107330,8205.0
107331,1785.00472114205
107333,3984.0
107335,2193.63395567116
107340,1593.61337536
107341,3743.138
107343,11475.0
107352,1700.0
107366,5260.0
107373,5011.89373338347
107383,22000.0
107388,2700.0
107389,3080.25405308198
107394,1652.51276888555
107395,12412.0
107396,1564.0
107400,2600.0
107402,4396.37396858947
107403,2426.662
107405,670.0
107408,0.0
107410,2889.762
107411,8357.00000000001
107412,2200.0
107414,4772.0
107416,4783.338
107421,1993.33
107423,14161.4855272756
107435,3900.0
107438,2341.738
107440,698.0
107444,718.0
107447,5040.0
107448,2735.0
107455,2356.0
107457,605.0
107462,4399.31
107463,2150.0
107464,1400.0
107476,25650.0
107478,4520.0
107484,1436.51579351946
107488,2900.0
107497,7531.81764978863
107502,4000.0
107520,1820.0
107522,1174.0
107524,2000.0
107534,749.25
107541,500.0
107543,2997.0
107545,10434.0
107546,350.0
107555,1728.60551271674
107557,7020.0
107561,3262.6
107562,3840.0
107563,4566.67
107568,4246.676
107573,3808.0
107586,1500.0
107589,4870.0
107590,106.20085262444
107599,5460.0
107603,5293.44103062
107604,3930.0
107613,1120.0
107619,834.0
107621,3080.0
107622,880.0
107623,968.0
107625,1434.0
107627,1960.0
107632,10209.00925124
107638,2100.0
107641,10628.0
107646,5316.0
107647,2000.0
107653,4679.0
107655,4200.0
107656,4385.33
107661,1508.008
107662,1969.0
107664,6800.0
107665,1010.0
107666,531.008129635241
107671,3780.0
107678,1680.0
107681,8800.0
107690,4000.0
107693,8140.0
107696,0.0
107698,3173.02
107699,2872.82580227213
107701,1790.0
107710,2100.0
107712,1515.0
107713,780.0
107718,1026.0
107730,2500.0
107735,2624.04156570276
107737,2400.0
107739,0.0
107740,3133.94882665792
107749,11363.7230153662
107754,1094.0
107755,1963.5928418098
107757,5398.13709549704
107766,1400.0
107769,698.0
107770,3542.938
107783,1352.0
107785,2580.0
107786,4892.0
107789,837.0
107793,4200.0
107794,1700.0
107795,8000.0
107798,1190.0
107799,3033.338
107802,1670.0
107810,3669.98496886895
107815,3200.0
107819,6200.0
107826,2261.0
107828,1535.27
107829,4038.0
107834,3080.0
107836,3550.0
107838,3000.0
107851,1110.0
107855,3500.0
107858,2100.0
107861,3707.18810157076
107866,4590.0
107872,5334.862
107876,2800.0
107885,3000.0
107888,668.0
107892,2912.0
107893,12306.1438740039
107901,5452.44386448
107909,1568.06
107910,5600.0
107911,10920.0
107916,4200.0
107923,4300.0
107925,4019.05915743761
107933,3780.0
107937,6600.0
107939,16300.0
107940,3154.3739957
107941,166.67
107943,3011.96630240108
107946,2470.538
107956,7200.0
107957,1680.0
107959,2520.0
107966,4530.67
107968,1922.0
107969,250.0
107974,2067.0
107977,7000.0
107979,1052.0
107980,5012.33
107984,584.888725024302
107986,4875.0
107991,2800.0
107993,2800.0
107994,5308.12633314
107996,1042.82073000937
107999,2936.66
108000,1386.33
108007,3151.0
108009,4120.0
108011,3000.0
108012,3200.0
108023,2730.0
108034,4218.73377762541
108035,1960.0
108038,5700.0
108041,8600.0
108043,1177.09358859613
108045,1820.0
108046,0.0
108047,1737.0
108052,4586.0
108057,4404.0
108059,1400.0
108061,1100.0
108063,2500.0
108070,2072.0
108074,958.790782791512
108077,2500.0
108079,1687.5
108082,591.0
108087,3029.6
108091,7748.17182949131
108097,446.0
108103,935.0
108106,782.0
108115,2062.03
108120,2600.0
108122,3041.67
108123,1260.0
108128,206.0
108131,345.70641093398
108134,2240.0
108138,4970.0
108139,7924.08020287858
108142,718.0
108150,5084.0
108154,1700.0
108165,1148.0
108172,1200.0
108174,700.0
108175,7166.57504322166
108176,1481.33237702366
108188,3834.67
108195,1810.0
108197,3540.0
108200,764.0
108204,921.3
108212,6008.0
108213,4569.0
108214,2174.8
108215,900.0
108221,1922.80340512525
108226,3687.67
108228,2656.06843962
108235,2503.0
108236,854.4
108238,16870.0
108239,3992.11564479874
108244,0.0
108252,1894.97707574115
108262,996.817092032684
108266,900.0
108272,5629.0
108273,4366.67
108277,2317.0
108280,5000.0
108281,4906.662
108282,758.64999931178
108283,1725.0
108285,1331.01863377377
108287,265.006489828317
108294,1915.0
108299,3300.0
108300,910.0
108302,1509.0
108305,1620.0
108309,1916.662
108314,4195.54967697009
108316,2137.25311112
108320,4610.67
108327,1433.0
108329,3920.0
108331,6000.0
108337,1915.92
108338,1262.44909902497
108341,698.0
108353,2032.82434480237
108354,2932.53
108360,1488.0
108373,4600.0
108377,8940.0
108381,630.0
108383,3596.0
108393,2310.0
108395,20005.790565
108414,5449.67
108417,2208.0
108420,2089.05988097666
108423,5480.0
108424,2087.838255386
108426,11429.0
108432,1374.15717230522
108434,1715.0
108436,7080.0
108438,4669.0
108446,2866.67
108473,3360.0
108485,1333.0
108497,1900.0
108502,1705.0
108503,956.0
108504,3000.0
108510,2058.0
108515,3034.0
108517,1997.07403754
108518,0.0
108519,3245.0
108532,7637.938
108534,3780.0
108540,7629.99999999999
108560,1680.0
108565,10821.0
108566,1280.0
108567,1500.0
108570,903.0
108572,1602.39596115222
108583,2660.0
108588,0.0
108590,4000.0
108591,11873.34
108594,17400.0
108601,7000.0
108603,1603.33
108606,1629.26149605964
108607,4368.0
108610,911.0
108612,3550.0
108613,10844.176
108618,1900.0
108619,718.0
108621,23084.67
108622,3300.21914198652
108628,4829.0
108630,3663.33
108635,6586.67
108638,5549.0
108640,4567.86242001729
108649,3412.63311239235
108651,3685.0
108660,5280.0
108667,22697.87271978
108673,900.0
108677,2280.0
108678,1680.0
108696,5485.00821110461
108700,630.0
108708,6600.0
108710,4450.0
108716,1344.0
108719,6498.95182598963
108721,2770.454298674
108724,2600.0
108728,18000.0
108735,1950.0
108740,2287.0
108742,300.0
108744,323.103535699975
108745,1760.0
108752,2333.33
108753,6393.338
108754,5739.35182624251
108757,4564.0
108762,1520.0
108765,1913.18033226278
108774,4545.0
108784,1341.0
108790,4929.0
108795,2886.67
108806,910.0
108809,5790.22965596035
108816,8806.67
108824,1733.33
108827,3450.0
108834,1020.67
108849,2870.0
108850,5121.16297179648
108851,3000.0
108860,2222.26002649497
108873,6326.668
108891,700.0
108895,2858.338
108896,1954.17
108897,7919.99999999999
108899,2400.0
108900,0.0
108903,8800.00000000001
108906,860.0
108910,2738.0
108913,322.0
108914,9721.0
108921,3707.0
108925,7094.51
108926,9499.99999999999
108927,1396.0
108929,3943.324
108939,5598.0
108942,6800.0
108945,2080.0
108950,1656.67
108962,2000.6
108967,4116.0
108971,1382.7536321331
108976,9484.99488527023
108979,2937.0
108980,4933.85722917217
108988,2618.0
108998,3213.0
109013,1076.0
109022,4560.0
109027,3920.0
109029,3873.26931848
109030,703.375908516874
109037,1788.4
109038,9900.0
109041,2985.99854213298
109043,1863.33
109046,2000.0
109050,4561.01162444425
109055,1183.33
109061,840.0
109063,4200.0
109064,8400.0
109067,4200.0
109070,6413.33
109072,22000.0
109075,1888.0
109080,1600.0
109086,4200.0
109090,1800.0
109093,2166.67
109101,1260.0
109103,3861.11005737891
109106,2200.0
109114,4749.04696544133
109118,4200.0
109121,1820.0
109122,2000.0
109123,1300.0
109128,2973.6
109129,2800.0
109131,2656.0
109133,800.0
109134,1440.83
109135,1680.0
109141,4480.0
109146,1300.0
109151,1052.0
109153,3504.338
109155,12622.12131763
109156,2816.67
109157,2940.0
109168,5495.0
109172,18000.0
109175,737.0
109177,2100.0
109181,4240.0
109182,1420.0
109188,1200.0
109190,9733.33
109191,718.0
109193,1214.80247434636
109194,366.0
109196,3439.0
109208,3190.0
109210,1800.0
109216,4531.33
109218,5300.0
109219,3360.0
109220,1740.0
109221,15943.662
109227,16070.0
109229,2520.0
109231,8883.33
109235,1868.3
109242,4975.0
109243,0.0
109244,8991.0
109253,1692.0
109254,1353.0
109255,15000.0
109258,3920.0
109261,1100.0
109269,4900.0
109272,5790.0
109283,6477.0
109285,4760.0
109290,980.0
109294,15935.0
109295,2000.0
109296,1058.0
109302,2645.0
109304,808.470652255528
109307,4122.81234553332
109311,2625.0
109320,1819.992
109324,4354.53548869128
109328,2289.5
109329,698.0
109333,0.0
109341,1334.592
109345,7008.0
109346,3450.51501596002
109350,7866.74
109354,6720.0
109356,6750.0
109357,5188.33
109363,1245.0
109366,6000.0
109368,7321.8086258
109383,2100.0
109385,2584.41641292788
109386,1596.0
109393,1597.2
109395,4270.0
109397,9100.0
109403,4795.0
109413,12124.44833208
109423,8233.33
109424,1132.0
109436,1610.41346496374
109443,2549.37
109458,1074.40697724347
109469,1440.0
109471,1200.0
109476,12940.7508877423
109489,3080.0
109492,2520.0
109493,855.0
109496,5856.654125653
109498,9983.33000000001
109503,1490.0
109505,840.0
109506,695.0
109518,6608.33
109522,3508.59446270269
109523,6400.0
109536,4620.0
109538,6465.23
109546,1830.97213475084
109547,2450.0
109549,2098.0
109551,2800.0
109552,8399.99999999999
109560,2500.0
109563,2100.0
109564,2800.0
109565,8483.34
109566,2560.0
109571,5853.70518018976
109574,1045.0
109575,2240.0
109580,2300.0
109581,9200.0
109586,2153.0
109587,5000.0
109589,1697.0
109590,1400.0
109593,3421.92151269462
109594,3500.0
109595,15553.324
109598,5152.84607141898
109600,1700.0
109614,4345.67
109616,5830.0
109621,1274.0
109624,204.0
109626,3943.338
109628,3740.0
109633,1143.95522187025
109637,3159.338
109644,2000.0
109662,1600.0
109666,1600.0
109668,762.0
109671,8071.0
109675,4576.67
109683,1900.0
109693,200.0
109700,11480.0
109703,2614.11970689988
109704,5159.74174983976
109707,7082.78
109708,2040.0
109714,8600.0
109717,4620.0
109724,2699.0
109728,7027.0
109729,7365.0
109730,8816.05424715973
109733,18100.0
109738,3570.0
109753,505.261798089613
109755,1900.0
109764,2612.8
109765,3650.0
109779,5200.0
109785,1672.2
109789,2700.0
109814,4800.0
109818,1680.0
109822,3625.0
109823,1120.0
109829,4058.0
109831,302.0
109835,98.0
109836,4640.50092426548
109849,2499.58313852761
109850,916.67
109852,5733.33
109853,1680.0
109856,10540.0
109860,1640.98923414102
109862,0.0
109865,0.0
109869,2619.39265949624
109876,8844.03195384503
109879,1838.0
109882,6624.67
109883,0.0
109884,3366.0
109885,4254.60330593762
109893,674.47
109897,2000.0
109898,9466.53
109900,8563.33800000001
109911,2210.0
109912,2520.0
109914,1680.0
109915,1567.0
109916,3200.0
109918,1600.0
109920,1155.24486793393
109923,3205.0
109925,7000.0
109933,2004.16
109934,883.0
109935,2548.0
109943,1872.0
109946,0.0
109950,2366.0
109956,698.0
109957,1714.19713400049
109962,6079.67329130808
109965,1917.75
109970,2290.0
109971,1680.0
109972,3545.0
109976,1400.0
109978,3332.0
109979,972.0
109981,8844.0
109987,1300.0
109993,698.0
110000,2053.0
110004,3360.0
110005,3000.0
110008,1680.0
110009,1189.0
110018,3304.0
110028,3746.67
110030,2903.62
110037,1840.0
110040,2520.0
110046,5422.8295567
110052,6143.0
110054,2800.0
110058,2290.0
110063,6300.0
110079,4060.0
110084,7886.662
110089,7400.0
110091,273.982431264541
110094,9951.77
110096,420.0
110098,7140.0
110100,5590.0
110102,4091.78177009492
110110,3199.82746930304
110115,900.0
110118,5057.924
110121,18200.0
110122,9099.99999999999
110123,1482.0
110130,1000.0
110160,10500.0
110165,1260.0
110169,2240.0
110171,1039.0
110175,4340.0
110179,1000.0
110189,3346.0
110190,2166.67
110193,4480.0
110196,2475.18515836709
110205,4221.0
110207,1680.0
110212,1231.62868036085
110218,1040.0
110228,1300.0
110229,3933.33
110244,3400.0
110245,2262.0
110251,138.0
110252,480.114016799574
110253,5879.0
110257,4010.5
110258,3850.0
110265,4500.0
110268,698.0
110270,5460.0
110275,2510.0
110281,1400.0
110283,840.0
110285,1512.0
110287,2250.0
110289,1444.0
110295,6720.0
110297,887.5
110300,3518.662
110301,1700.0
110306,3987.0
110308,10250.0
110311,3000.0
110329,7366.67
110332,700.0
110336,8000.0
110339,2156.54454009559
110342,2569.73544633414
110343,488.75
110347,1120.0
110349,2800.0
110355,3760.0
110358,4550.0
110360,6240.0
110362,6090.89127401641
110367,1873.78422261268
110370,2441.67
110373,700.0
110374,3616.88612099458
110375,4410.0
110376,452.236924762526
110380,3180.0
110383,5740.0
110390,698.0
110397,1175.0
110399,6252.4
110401,7754.13623194753
110411,1083.33
110417,3561.01010963298
110419,3912.53
110422,21333.33
110423,2879.6
110435,5451.0
110439,7000.0
110442,11223.338
110443,4265.4883180285
110445,7534.7340526136
110446,1056.9
110448,3600.0
110454,15288.0
110456,859.0
110458,500.347974127258
110461,2789.6623976223
110462,13303.33
110468,1400.0
110472,4200.0
110475,2950.0
110476,6683.33
110478,5085.92466122076
110479,5780.0
110481,11200.0
110485,2800.0
110486,3244.5
110487,1092.0
110490,5193.40898330215
110494,2426.662
110501,4229.66
110504,4727.47964564405
110515,2191.71898376171
110519,2285.0
110526,3780.0
110528,831.0
110529,4426.662
110532,2400.0
110544,8000.0
110547,11132.5
110549,2204.80385009793
110550,2760.33
110552,5040.0
110556,2600.0
110561,1330.0
110575,25650.0
110579,2348.0
110586,929.0
110589,6300.0
110604,0.0
110611,2500.0
110618,3800.0
110625,7280.0
110635,3000.0
110640,1086.0
110646,2441.67628627981
110648,5251.0
110652,1200.0
110653,4935.39733719838
110656,1620.0
110658,3341.992
110662,2965.67
110666,8811.83
110670,0.0
110671,1260.38517603751
110673,1362.0
110675,0.0
110680,3992.0
110683,4340.0
110688,1516.676
110702,308.0
110706,2882.2010400156
110707,3528.59932584713
110710,3700.0
110712,13043.338
110720,2544.0
110724,10040.0
110729,9400.00000000001
110732,1120.0
110738,6580.0
110739,1838.03688241464
110740,3990.0
110741,5099.75186690932
110743,12258.0
110746,1400.0
110752,5866.0
110755,768.96
110758,1200.0
110765,2271.68487780671
110766,120.0
110770,2240.0
110772,2219.31792603107
110775,6514.0
110777,3000.0
110779,1500.0
110780,1508.0
110784,7280.0
110786,4200.95045686752
110790,2240.0
110793,3800.0
110796,2618.0
110797,1759.338
110801,1680.0
110807,1372.0
110811,5535.462
110817,3200.0
110818,4000.0
110819,2133.0
110824,4496.56567610946
110827,3150.0
110836,2790.0
110839,3640.0
110840,3018.31
110846,7900.0
110850,1972.0
110854,8530.0
110855,3920.0
110861,1121.0
110864,4610.0
110868,3920.0
110870,2313.0
110875,3840.0
110883,4200.0
110884,1936.0
110889,14840.0
110890,2123.2
110893,3789.8
110894,2437.58
110900,5740.0
110906,1191.45363062828
110913,850.0
110916,1218.0
110919,1404.0
110924,1440.0
110931,932.0
110944,672.0
110948,2651.05843328667
110954,4000.0
110959,4420.0
110960,5893.332
110967,1018.0
110968,1456.0
110969,2590.0
110989,197.0
110990,4926.662
110997,2093.338
111004,3333.0
111007,3226.46943676506
111013,998.0
111022,3146.0
111023,5957.78894331831
111037,2751.0
111038,1250.0
111044,4701.67
111047,770.0
111053,3800.0
111055,10703.98002736
111056,3080.0
111069,9100.0
111071,1960.0
111073,5050.0
111077,698.0
111081,1694.0
111084,4886.72383396
111088,4550.0
111090,3397.0
111093,0.0
111096,5330.0
111099,1091.0
111101,3640.0
111108,8300.0
111109,4462.77996481071
111110,2936.5224378392
111121,4566.0
111128,2638.92293857397
111129,1053.32108057876
111139,868.0
111142,4430.0
111145,1600.0
111146,0.0
111148,4967.0
111149,10000.0
111161,2900.0
111174,719.0
111177,0.0
111189,750.0
111196,1892.0
111202,2000.0
111203,300.0
111207,4253.33
111210,2800.0
111212,4119.65221818037
111213,3360.0
111214,1964.04316276549
111215,1526.53894702
111228,1000.0
111229,5700.0
111230,546.0
111234,25520.1853989432
111236,1960.0
111238,2800.0
111239,6759.992
111240,718.0
111245,2200.0
111253,2769.33
111254,6841.17680557039
111262,800.0
111266,11200.0
111267,11480.0
111272,3700.0
111277,6300.0
111278,6300.0
111279,1700.0
111282,2100.0
111285,3400.0
111297,883.0
111298,12180.0
111302,1600.0
111305,0.0
111317,13805.0
111322,1320.0
111323,239.589860449731
111328,4400.0
111329,2613.17443812378
111334,1700.0
111335,268.946354014455
111339,250.0
111341,2363.50852659684
111343,465.0
111353,6300.0
111358,1562.323524636
111364,1670.0
111367,6268.0
111371,756.0
111385,3680.0
111391,1680.0
111394,2100.0
111395,9899.99999999999
111396,12617.7803566316
111408,0.0
111412,1192.0
111420,2156.67
111423,3220.0
111429,3640.0
111442,1344.0
111444,4031.4
111450,1582.0
111455,13160.0
111457,3469.86
111461,2100.0
111462,3360.0
111465,2800.0
111466,660.0
111469,8022.87366673773
111470,1245.0
111477,3458.71748794176
111482,717.661431233348
111483,5889.0
111496,2000.0
111499,0.0
111507,1678.0
111513,2602.81589218
111523,2200.0
111526,1566.70375944033
111527,1648.96379184038
111534,2080.0
111535,4712.0
111536,1200.0
111541,3000.0
111543,845.0
111554,1516.662
111555,8885.57361755492
111557,2490.14993615096
111558,6020.0
111562,9800.0
111563,5110.0
111565,9324.0
111566,1680.0
111573,2229.0
111575,1817.92050967855
111576,2800.0
111577,6143.33
111579,930.0
111588,10583.0
111589,5320.0
111591,5600.0
111592,3684.0
111593,1535.37350226045
111596,9099.99999999999
111609,1838.0
111611,1580.0
111612,2800.0
111613,3320.0
111617,1560.0
111620,1780.0
111621,1400.0
111623,2427.0
111625,7466.662
111627,800.0
111632,5213.0
111635,2000.0
111651,2686.662
111654,4655.49368976382
111656,2868.79558394867
111663,1727.0
111664,1440.0
111672,6534.98383643678
111678,2791.48856953962
111682,1392.0
111683,1800.0
111686,4298.67
111693,3450.0
111694,3400.0
111698,947.0
111700,12520.1071208823
111706,2062.662
111710,800.0
111713,1748.0
111718,6931.25
111719,12987.8
111729,1528.0
111730,4978.05435407213
111735,4400.0
111740,2965.0
111745,5170.81099588932
111748,2608.662
111753,14600.0
111757,14778.0
111765,3720.0
111769,7430.00996537502
111770,7000.0
111772,11200.0
111774,2910.0
111780,863.67
111782,910.0
111791,3641.67
111792,1222.0902313265
111794,2800.0
111795,2120.0
111797,9480.13132735861
111800,840.0
111805,3683.0
111823,3200.0
111825,536.314781637366
111826,2566.67
111834,931.0
111835,1700.0
111838,4560.0
111843,3220.0
111846,2520.0
111849,3783.0
111853,3033.338
111855,5600.0
111859,4700.0
111867,2175.36584838053
111873,10680.0
111879,25650.0
111880,4060.0
111892,1092.0
111893,5467.17545826
111896,3506.40983978501
111898,7413.0
111899,1200.0
111923,4220.0
111924,3221.0
111926,5718.28475696
111929,9342.55049647248
111939,600.0
111942,6740.0
111944,800.0
111945,4030.0
111948,698.0
111956,2800.0
111958,7175.0
111960,4400.0
111971,3257.67
111974,4550.0
111975,1200.0
111976,698.0
111979,2135.0
111980,2125.0
111991,9533.34
111992,1800.0
112000,2500.0
112001,5471.67
112003,2430.0
112006,3223.64
112009,10800.0
112011,7693.83000000001
112019,2893.338
112022,0.0
112024,10420.0
112026,600.0
112032,3727.662
112034,2880.0
112037,4900.0
112047,4716.96593436641
112051,6666.67
112057,2330.9909721978
112058,4112.0
112062,3900.0
112063,1738.0
112064,11550.0
112065,10849.0
112076,2520.0
112081,8116.00000000001
112085,4800.0
112091,2078.67
112096,6229.33
112102,4125.87493925665
112108,1753.35841941281
112115,4852.0
112116,6370.0
112119,4300.0
112121,1950.0
112122,4271.10070294281
112124,1870.0
112126,7934.75515744103
112127,3600.0
112132,5600.0
112133,6000.0
112134,718.0
112138,2566.67
112144,16451.4
112146,2808.3098624822
112151,3260.3
112152,653.656111869918
112158,10000.0
112159,800.0
112166,6580.0
112171,4304.332
112172,1500.0
112182,1150.0
112187,4683.0
112196,2583.33
112200,370.0
112204,2400.0
112210,4875.8
112212,698.0
112221,3042.27283980502
112223,1058.4
112224,4800.0
112225,2000.0
112226,8400.0
112240,1990.0
112241,3780.0
112244,2739.338
112245,2460.0
112247,1350.0
112250,1050.0
112255,2000.662
112259,2240.0
112261,1213.338
112270,929.0
112275,1400.0
112281,2926.0
112291,6093.75429085752
112296,0.0
112305,5600.0
112308,5713.7684949407
112312,9520.0
112313,718.0
112319,6771.30999999999
112320,7458.81731918087
112328,1620.0
112330,2500.0
112338,1440.0
112341,1260.0
112353,1083.33
112354,800.241912892555
112365,0.0
112373,3001.67
112376,2100.0
112377,1050.0
112379,2500.0
112381,980.0
112384,3044.0
112387,1217.12854684431
112391,1215.0
112393,7560.0
112396,10936.8158120966
112398,8878.0
112406,3360.0
112407,8915.76056750348
112414,784.0
112416,2512.5
112436,418.0
112441,700.0
112445,5350.42
112446,3743.0
112447,2800.0
112455,2500.0
112456,3886.4
112469,4060.0
112473,5202.9816919538
112477,17872.1624569519
112482,6300.0
112496,7764.0
112503,600.0
112505,140.0
112510,3080.0
112518,677.0
112521,500.0
112522,2552.49743472576
112523,3780.0
112524,6400.0
112525,2600.0
112526,2800.0
112528,2668.20577173662
112532,1620.0
112536,3360.0
112538,959.06467903268
112542,1800.0
112549,0.0
112555,5600.0
112557,2800.0
112561,1189.0
112562,6160.0
112571,0.0
112573,1400.0
112574,3393.75629063184
112575,1339.0
112577,5223.741821
112583,1428.0
112607,2274.0
112609,1228.45661196672
112616,3050.0
112618,898.0
112619,7958.33
112621,5346.3751229245
112625,6066.662
112627,4120.0
112629,4480.0
112635,6412.0
112637,4100.0
112644,3101.0
112646,5471.2
112648,3695.3786892755
112657,1648.0
112658,892.0
112660,2120.0
112663,2240.0
112664,985.0
112668,1076.033532462
112669,2240.0
112673,6200.0
112679,2500.0
112680,5160.0
112681,9009.35027227864
112683,1960.0
112686,840.0
112693,1550.75
112697,2800.0
112700,5104.0
112706,2034.67
112721,2269.98345923868
112722,866.481670885165
112725,1700.0
112726,700.0
112735,7220.0
112742,1190.0
112752,8412.21916885068
112756,3028.0
112768,703.0
112772,3000.0
112777,1200.0
112781,1080.0
112783,6200.0
112789,2100.0
112795,971.0
112798,1300.0
112801,103.0
112807,4576.86926471627
112819,3200.0
112826,10000.0
112828,5400.0
112831,1419.30813784018
112832,4514.01353974013
112840,3350.0
112844,4942.938
112849,8493.338
112851,3796.0
112852,3033.338
112859,5000.0
112861,2400.0
112864,3220.0
112867,5880.0
112868,2016.0
112869,3033.338
112870,4350.0
112877,1101.0
112881,2187.0
112884,2463.6752871359
112890,4853.34
112896,2590.462
112899,3200.0
112901,1118.0
112903,6300.0
112904,17034.34
112905,1260.0
112911,10900.0
112917,3480.0
112922,6299.99451514
112931,5418.32689108811
112932,1572.3872446
112935,2362.0
112936,1451.0
112943,5493.5
112944,4410.0
112946,3400.0
112955,200.0
112959,1203.33
112960,2963.15828497289
112968,1017.49073532771
112970,2200.0
112973,3033.33
112976,2000.0
112980,317.577021731737
112982,0.0
112983,2800.0
112991,1890.0
112992,2240.0
112995,1580.37300740264
113000,3740.0
113002,1000.0
113013,5500.0
113017,10584.7543871995
113019,2450.0
113027,7704.662
113029,3623.928
113031,3693.87801641483
113032,1351.0
113034,5300.0
113035,6440.20239645702
113036,1129.0
113038,3485.0
113049,1050.0
113052,702.0
113056,3360.0
113057,14800.0
113058,6700.0
113064,1557.0
113069,2364.0
113073,600.0
113076,699.0
113081,2034.87873186542
113096,2346.0
113097,598.67
113108,169.605692285083
113113,10290.0
113116,9380.0
113118,9800.0
113122,3100.0
113132,2400.0
113140,4523.5
113141,13946.1878709303
113143,698.0
113144,100.0
113145,9922.52
113147,8796.676
113149,1960.0
113150,5559.0
113154,2266.41295737709
113158,4984.0
113172,490.29
113173,3640.0
113174,1516.662
113182,11798.5
113186,2870.0
113193,11189.0
113201,1120.0
113203,6160.0
113208,3466.67
113212,11883.9106133257
113214,4417.6
113216,7040.0
113221,8625.97702491335
113224,1065.0
113226,3223.0
113227,1400.0
113232,4322.0
113233,7400.0
113235,6300.0
113238,4450.0
113246,698.0
113251,2000.0
113254,5825.0
113255,1251.6
113259,5233.0118636898
113266,1575.0
113267,3834.0
113268,10677.9842501976
113282,1703.0
113284,718.0
113286,7696.0
113291,2735.0
113294,3722.26949982782
113295,971.0
113302,2189.662
113307,960.0
113314,3623.2
113321,5460.0
113326,1540.0
113334,840.0
113344,674.0
113345,1029.0
113351,2946.027251338
113354,2940.0
113363,4700.0
113370,3965.0
113373,0.0
113378,1045.0
113379,4600.0
113386,2600.0
113387,4715.2
113390,1445.0
113391,4050.0
113392,698.0
113398,6940.0
113403,3780.0
113405,4833.33
113406,9966.67
113412,1838.94257166757
113418,2686.67
113419,1055.48
113420,611.0
113426,5300.0
113427,600.0
113430,4608.7782464
113435,1840.0
113438,25650.0
113445,2140.0
113446,4195.0
113450,2900.0
113455,2698.0
113459,5242.29268337873
113461,430.0
113463,4918.0
113472,820.0
113474,2796.0
113475,0.0
113479,10000.0
113484,910.0
113489,4634.52999769202
113490,3265.17
113493,1374.0
113499,23000.0
113501,800.0
113505,6300.0
113507,2617.62243184015
113510,1365.0
113515,8260.0
113519,2617.0
113525,936.0
113526,2100.0
113527,1400.0
113552,5272.96418655528
113560,7200.0
113563,4092.19646849057
113570,993.75
113571,0.0
113572,795.0
113577,5597.0
113579,3207.22391871533
113581,2940.0
113583,331.05524565
113593,1595.0
113595,1188.0
113596,990.843560787209
113598,8120.0
113609,3575.0
113612,6440.0
113619,5320.0
113625,10833.33
113635,2123.338
113636,1491.0
113638,962.6
113641,2008.0
113642,2866.67
113643,1973.0
113644,8365.98732045109
113646,0.0
113650,1819.14366465621
113651,998.0
113659,2448.0
113661,2253.33
113667,2090.0
113669,2500.0
113673,1181.33
113680,7500.0
113691,1021.0
113699,6230.0
113704,3509.0
113705,1600.0
113706,1091.0
113708,12587.500065508
113709,10820.33
113710,6300.0
113718,670.0
113724,20000.0
113728,1500.0
113732,0.0
113738,12643.33
113741,4940.0
113747,1400.0
113763,10080.0
113766,2380.0
113780,5047.0
113783,1768.0
113784,1585.0
113789,5940.0
113792,2300.17
113794,650.0
113800,1800.0
113801,380.0
113802,2340.0
113804,891.0
113805,0.0
113808,2080.0
113811,1800.0
113814,2470.0
113820,5040.0
113824,2844.338
113825,4340.0
113828,6560.1645681675
113831,4445.0
113833,2400.0
113837,901.290198604933
113840,0.0
113841,4200.0
113846,3500.0
113856,700.0
113879,2977.338
113881,5443.4
113882,1758.0
113888,1540.0
113893,1960.0
113894,1300.0
113896,8389.0
113904,5200.0
113906,2757.96
113911,1600.0
113912,4127.15333858362
113918,1680.0
113919,1892.0
113920,3794.0
113921,1198.0
113927,2433.33
113930,2454.0
113935,10330.7713655752
113938,3675.56382947262
113945,0.0
113946,5416.67
113951,5240.37865820175
113952,10901.338
113953,2624.97031202524
113954,5800.0
113955,3360.0
113960,1520.0
113961,2323.0
113962,970.662
113966,3200.0
113967,1260.0
113968,2100.0
113973,9521.83
113982,5040.0
113985,0.0
113992,1780.69169669242
113994,3360.0
114002,2100.0
114004,3080.0
114008,420.0
114009,6418.0
114013,1249.0
114023,5012.5
114034,5460.0
114036,628.0
114038,750.0
114051,2640.0
114054,6234.6952558
114055,3226.0
114061,2456.0
114063,596.724421197396
114068,5304.0
114070,600.0
114071,3500.0
114074,2674.0
114076,0.0
114083,6735.0
114088,1125.58
114089,1600.0
114090,2100.0
114096,3200.0
114097,2600.0
114101,2280.0
114107,2689.0
114111,2500.0
114112,1800.0
114113,4228.0
114116,1680.0
114125,2021.0
114128,4500.0
114133,4620.0
114134,1950.0
114139,4550.0
114148,2123.338
114150,12000.0
114151,7280.0
114152,433.33
114161,8960.0
114168,1300.0
114182,4846.97010192136
114184,3902.0
114186,7700.0
114187,6943.0
114188,443.25
114189,900.0
114194,0.973770515664493
114195,854.0
114208,3828.10301148728
114209,3990.0
114212,910.0
114214,6960.0
114226,2970.0
114231,6760.0
114233,0.0
114234,1849.0
114235,2061.0
114244,25650.0
114247,2278.0
114252,830.0
114253,8400.0
114254,1120.0
114255,5561.51971951897
114257,3135.71917534713
114258,3000.0
114260,773.635796965862
114263,1900.0
114265,3300.0
114269,3525.84017604681
114276,1400.0
114281,1229.8
114282,2000.0
114284,1111.5
114290,1680.0
114291,6020.0
114303,5405.0
114306,1650.6
114309,2730.0
114312,2300.0
114315,2800.0
114316,3669.9774094957
114319,1610.0
114321,960.0
114329,717.356637589403
114332,721.0
114333,401.488659429752
114334,2600.0
114341,5900.0
114350,4718.162
114352,2730.0
114355,2626.0
114356,1600.0
114358,1969.67
114360,2380.0
114361,5420.0
114364,2340.0
114367,1748.0
114380,1226.0
114385,2427.0
114387,3920.0
114388,1700.0
114398,2700.0
114408,2100.0
114418,750.0
114423,38.5198309272386
114424,2100.0
114431,25650.0
114437,4281.40434889198
114449,2200.0
114466,735.0
114469,4485.67
114474,305.0
114475,6016.33
114478,211.0
114480,9966.66
114484,3568.0
114490,4100.0
114494,6230.0
114495,1700.0
114502,1200.0
114504,2292.0
114507,3920.0
114509,1689.0
114510,7560.0
114511,4680.0
114520,3651.05397232059
114522,5360.33
114525,7280.0
114526,1897.8476712323
114527,3200.0
114531,1521.8
114532,3680.0
114534,1473.33
114541,5500.0
114550,1600.0
114553,3920.0
114560,15360.0
114571,1392.0
114575,1600.0
114577,1294.0
114583,3080.0
114588,15380.0
114591,1400.0
114592,590.993706848
114605,0.0
114607,750.0
114608,1826.22278365101
114612,3404.0
114618,465.0
114627,1270.0
114632,1356.33
114636,4200.0
114641,4000.0
114649,1648.70884703651
114654,4340.0
114657,840.765697142244
114658,6710.85
114667,10133.88830966
114669,1498.0
114670,1680.0
114673,1338.0
114675,1266.47124736417
114676,3500.0
114680,1820.0
114681,1082.0
114682,23100.0
114683,2000.0
114688,14810.67
114691,2920.0
114692,2500.0
114696,1680.0
114698,3080.0
114712,3645.39565728
114720,808.0
114722,2688.0
114724,1205.62
114725,0.0
114731,975.0
114734,1597.0
114737,3105.0
114746,3290.0
114750,3080.0
114758,3305.0
114766,2543.66
114767,15107.818865892
114772,3983.77242604301
114777,2563.0
114780,3885.0
114783,1260.0
114785,1080.99111528299
114787,2111.52891801985
114790,3220.0
114796,3466.67
114803,5073.338
114815,21308.0
114821,5500.0
114827,1202.47
114828,3683.33
114833,7200.0
114837,1780.0
114840,718.0
114848,1100.0
114850,3000.0
114854,4060.0
114857,3082.0
114861,12911.21086228
114864,1229.0
114869,1552.67
114870,716.0
114872,5866.66
114874,2730.0
114885,3159.0
114886,6000.0
114888,2257.338
114890,2568.0
114892,660.751897188982
114901,1155.0
114904,5481.3
114909,3300.0
114920,939.0
114929,7000.0
114933,2616.0
114936,5400.35647455746
114944,3640.0
114958,279.0
114973,25650.0
114975,6833.338
114983,2100.0
114985,1032.77288290167
114987,2533.33
114988,6367.0
114991,3000.0
114994,3780.0
114995,2426.662
114998,5200.0
115005,4760.0
115018,1092.0
115022,2882.0
115031,0.0
115032,2541.80525705409
115034,13000.0
115038,10800.0
115039,0.0
115042,7788.20166546909
115044,4124.28397367732
115046,67.8530971671504
115052,983.205924221287
115062,4800.0
115064,3176.89634854843
115082,5864.4
115090,1271.56222431668
115091,10920.0
115094,4187.26721623112
115096,6720.0
115098,1839.8836882306
115105,1600.0
115108,2440.2236834
115113,24266.66
115114,1827.36
115118,5420.0
115119,1267.0
115127,700.0
115128,1598.0
115129,8758.88930872965
115145,1611.33
115146,11458.9911462554
115152,2416.0
115153,783.0
115157,2800.0
115158,4775.0
115161,840.0
115163,1498.0
115164,1960.33783261058
115168,11571.3981833163
115170,2660.0
115172,2030.0
115176,4000.0
115177,3932.0
115181,280.0
115182,2130.1412677749
115196,6323.4
115198,5679.0
115204,1995.05289691053
115208,5050.0
115210,1360.67
115219,1516.662
115220,15000.0
115231,1127.62528117823
115234,1577.338
115238,4480.0
115239,19646.0
115241,1875.0
115248,1280.0
115249,4116.67
115259,8887.66645930157
115263,13430.0
115264,4536.66
115266,1259.0
115278,2030.0
115279,698.0
115281,1003.8
115282,9600.0
115285,2660.0
115290,0.0
115292,1750.0
115293,1302.0
115296,2388.6
115310,4800.0
115312,3082.28698814
115313,3500.0
115321,1150.0
115324,5460.0
115325,2985.338
115329,1100.0
115331,1479.0
115337,2604.0
115338,4216.89456943094
115340,3320.0
115341,1650.0
115342,1300.0
115348,4009.47327114334
115349,2046.0
115352,4303.2
115353,2870.0
115356,1478.56361446494
115370,3012.338
115371,1243.0
115376,5348.0
115381,1135.33
115382,2128.0
115389,1600.0
115395,6005.0
115402,10321.66
115403,3220.0
115407,2800.0
115413,5600.0
115418,1941.92024533643
115419,4130.938
115422,929.851297841605
115423,2548.83131325641
115424,698.0
115428,6800.0
115432,5676.42897678594
115435,7000.0
115436,2166.67
115444,1245.0
115445,1906.4
115446,2117.17
115447,4200.0
115448,1820.0
115449,1600.0
115452,789.187249512709
115457,3222.0
115458,7720.0
115459,1080.0
115469,3180.0
115474,1543.04888346412
115475,8996.83
115481,1936.38968850613
115496,536.0
115497,1700.0
115498,2125.0
115508,128.829265753795
115514,6500.0
115520,2266.41654436546
115521,4000.0
115523,9346.668
115524,3400.0
115526,1648.50288408824
115527,1067.0
115531,3236.13614060004
115533,1950.0
115534,7500.0
115550,1700.0
115569,2400.0
115575,2615.5
115579,3983.33
115584,1516.67
115587,3024.67
115591,6255.0
115592,2744.0
115604,6788.0
115609,954.0
115613,4094.90010106471
115617,2940.0
115626,1202.99329911372
115632,554.0
115636,3907.14577819647
115647,1560.0
115648,6720.0
115654,516.0
115656,4000.0
115663,2010.93857054795
115664,10018.67
115667,9590.67
115676,1760.0
115679,318.0
115683,3500.0
115684,700.0
115685,701.0
115695,6580.0
115696,2139.41123358757
115698,2200.0
115700,8666.67
115704,3120.0
115707,700.0
115710,800.0
115711,1300.0
115718,1949.992
115721,1016.0
115722,4796.28
115726,7840.0
115730,1079.0
115735,3180.67
115738,2484.2
115751,2870.0
115752,13528.2
115753,7000.0
115761,4703.338
115764,2275.7833667368
115765,8358.99999999999
115766,2181.6077232809
115775,4798.45340422692
115776,2524.662
115785,4792.0
115786,854.0
115791,1890.0
115797,800.0
115800,4387.67
115803,2600.0
115807,2000.0
115808,3600.0
115815,3743.9963329447
115816,3425.662
115818,2508.4
115827,8911.67
115829,7460.0
115832,1050.0
115836,10080.0
115843,11353.0
115846,6456.66999999999
115848,2663.39129643673
115855,17080.0
115857,2484.338
115859,1372.0
115871,4588.0
115872,1880.662
115874,22000.0
115875,1401.1492955182
115877,577.0
115880,1498.0
115885,16848.0
115891,4620.0
115898,2300.0
115901,2500.0
115902,14000.0
115905,11200.0
115908,1440.0
115929,10889.8956337
115937,3706.67
115945,4135.0
115951,3600.95620348544
115954,25650.0
115955,639.026137588694
115966,1156.18618000731
115972,4060.0
115976,2545.0
115978,2100.0
115981,4620.0
115986,854.218716079034
115987,245.572728818952
115988,13200.0
115992,650.0
115994,2556.67
115999,3080.0
116006,4000.0
116009,5100.0
116011,2400.0
116015,2500.0
116016,467.691910994323
116017,971.0
116021,1625.0
116038,5334.33
116042,9156.0
116048,3500.0
116049,4000.02462734413
116053,600.0
116058,990.0
116063,2900.0
116069,3360.0
116071,5926.0
116072,2440.0
116075,5582.0
116076,796.0
116079,5963.2855067
116080,2429.23907030717
116084,795.0
116087,6720.0
116088,420.0
116090,4800.0
116094,4701.676
116100,2100.0
116102,2500.0
116104,6100.0
116107,14560.0
116108,749.0
116118,3250.0
116125,980.0
116127,1001.0
116128,1800.0
116130,9200.0
116134,2000.0
116138,718.0
116142,4283.33
116148,11060.0
116153,3512.5225447282
116154,1720.0
116162,2761.0
116165,3616.0
116167,3060.0
116168,1206.50249361606
116171,15830.0
116175,2372.5912882639
116176,10833.33
116184,5340.0
116185,1201.2
116187,130.0
116188,4333.33
116201,1935.626869434
116202,6070.0
116203,651.716022291312
116204,6020.0
116205,2847.68281463827
116207,2698.0
116208,1092.0
116211,4840.0
116215,2328.662
116216,6401.938
116222,673.391429768769
116231,3200.0
116236,22000.0
116242,4760.0
116243,320.855585506598
116260,776.0
116261,2240.0
116263,1089.41281295195
116268,105.0
116270,1733.33
116274,1284.0
116275,1960.0
116278,947.0
116281,4750.332
116293,5020.17
116295,761.0
116298,1404.0
116299,6283.7983971
116300,1246.0
116305,2312.218875034
116309,6382.138
116314,2700.0
116316,1167.97598783055
116318,5368.86219883143
116326,3544.0
116329,2470.3335435809
116333,3440.33
116343,1396.0
116347,18200.0
116352,0.0
116358,1435.0
116360,0.0
116361,942.53
116366,13600.0
116369,280.0
116381,3200.0
116384,698.0
116394,2400.0
116395,1950.0
116398,11945.49235472
116400,13300.0
116407,2114.0
116412,1932.0
116413,5200.0
116416,2800.0
116417,2362.94417159568
116427,1820.0
116428,2811.83523028407
116430,288.0
116431,6716.67
116434,860.0
116438,4480.0
116443,1960.0
116454,1733.6
116455,141.967928872115
116457,2091.60000556928
116459,3700.0
116461,6320.0
116465,2708.0
116475,1573.0
116483,2986.67
116484,7728.49999999999
116486,3033.33
116488,1264.0
116489,3450.0
116498,1815.0
116499,12559.0
116501,1146.96380693667
116506,6510.0
116508,0.0
116509,5294.0
116510,4853.338
116511,2530.67
116514,5761.28523471038
116516,2682.45701247952
116517,4496.07781666035
116521,200.0
116532,1920.0
116533,680.0
116535,2100.0
116536,4200.0
116537,9533.33
116547,4760.0
116550,5373.56110250641
116554,3866.8
116558,981.33
116566,5334.12137097811
116577,4747.4
116589,11541.9
116590,930.0
116593,2166.66
116595,718.0
116599,4916.16
116602,1000.0
116603,6328.62485270129
116606,4390.0
116607,12100.0
116610,3500.0
116611,5200.0
116615,3780.0
116621,2321.0
116625,3575.01
116632,1447.56373380998
116635,2361.79074072058
116636,3774.338
116639,1209.6
116645,689.0
116651,2306.0
116652,2200.0
116654,1120.0
116667,1880.0
116668,1500.0
116674,1920.0
116677,1820.0
116688,1400.0
116699,580.0
116700,6920.0
116710,10920.0
116712,4830.0
116715,2200.0
116718,1658.0
116721,10640.0
116730,1466.58512530736
116731,7102.0
116753,3780.0
116755,700.0
116763,5400.0
116772,4124.28144948156
116779,3300.0
116780,4690.0
116786,8788.0
116788,1580.10537667383
116789,12000.0
116792,1746.0
116793,20866.67
116811,4408.0
116817,1100.0
116820,4197.33
116821,9099.99999999999
116826,1000.0
116828,619.0
116831,3501.1330728164
116837,1400.0
116838,1000.0
116839,4861.67
116841,4859.0
116845,6237.0
116853,7000.0
116855,9450.00000000001
116858,2234.14
116861,3527.0
116865,406.271046725801
116869,25650.0
116877,2344.65990271562
116880,3918.86768727197
116887,2861.0
116888,2109.0
116892,840.0
116896,7738.0
116904,21840.0
116912,2927.98708953108
116917,2123.6682270447
116920,6713.54886744
116937,3215.338
116952,2800.0
116954,25650.0
116959,4340.0
116965,328.0
116966,1190.0
116971,7699.99999999999
116976,16046.611744986
116977,698.0
116984,2945.289301558
116987,4830.0
116989,2411.5
116992,7000.0
117000,9733.33
117001,7273.338
117009,1000.0
117018,721.0
117020,11394.0
117022,3979.97772723844
117029,13950.0
117035,4600.0
117036,6020.0
117037,546.824545737587
117041,1041.0
117045,6212.262
117048,6253.338
117052,79.7862545162088
117059,3780.0
117061,11677.6589421795
117067,2848.0
117070,2414.0
117072,329.0
117074,3239.0
117076,1600.0
117079,840.0
117081,2800.0
117082,4314.63793777673
117086,3839.5943731948
117089,6634.81624243462
117090,1573.0
117092,300.0
117095,1733.33
117098,1350.0
117105,1802.65804776733
117108,2340.0
117109,4631.43995987503
117110,4511.0
117113,6960.0
117120,1607.0
117121,3133.33
117129,8119.99999999999
117130,3056.45431981199
117131,3520.0
117137,1400.0
117139,4477.9123830281
117140,758.0
117141,1945.33
117142,1965.8289145469
117145,2100.0
117150,7456.062
117152,2043.0
117156,48.523079339456
117159,2603.61905041519
117160,1026.65600213
117162,4506.90710138
117168,5647.4
117170,25650.0
117173,2300.0
117174,6699.34
117177,3736.0
117178,1960.0
117181,3579.5384988597
117184,4336.0
117188,1800.0
117189,655.0
117194,2800.0
117201,4830.0
117205,800.0
117206,4534.0
117209,1100.0
117214,8016.66
117231,4184.0
117241,2892.93
117242,523.0
117244,3483.22830934
117246,5876.0
117249,5600.0
117255,2677.0
117257,4454.46474948685
117258,694.0
117261,3447.0
117266,5103.99625556
117269,1281.0
117270,863.620532240851
117278,3943.0
117282,2520.0
117283,380.0
117285,8171.99306945481
117286,2943.0
117289,2240.0
117295,2003.15676567704
117296,1680.0
117298,2700.0
117304,937.420803308182
117305,4187.0
117309,10698.05419798
117319,4249.0
117322,4900.0
117327,566.873064555745
117330,3528.0
117333,12764.0
117337,3390.0
117341,2874.7372777
117345,2400.0
117347,4400.0
117349,72.9624563377457
117351,6515.24345237077
117354,479.0
117355,4922.71
117357,2380.0
117358,4480.0
117365,2090.0
117366,1029.65
117368,4459.8520585007
117369,2650.96625237702
117372,1363.0
117374,1357.0
117379,4423.324
117381,7250.0
117382,3540.0
117387,3833.33
117389,5010.0
117391,3120.0
117397,7707.962
117398,3680.0
117399,17266.66
117400,1950.0
117408,1737.16020014818
117409,973.717460104
117414,2357.33
117416,2306.8
117418,0.0
117427,1844.0
117434,1330.0
117437,3513.0
117448,4900.0
117449,1288.0
117450,6700.0
117453,3089.20843658493
117454,2450.83926459407
117456,1820.0
117459,807.0
117463,0.0
117466,1170.19
117472,1570.83
117478,2117.47963947106
117485,5180.0
117492,1600.0
117511,2920.0
117515,2600.0
117517,4233.0
117520,3500.0
117521,1740.0
117522,24486.938
117524,1680.0
117526,1015.0
117530,6716.00831174346
117536,2900.0
117540,2380.0
117545,2100.0
117564,802.556857619654
117572,1536.67
117588,2091.02795682059
117591,5695.2
117593,1300.0
117594,1500.0
117604,1600.0
117606,2294.0
117609,1781.0
117612,990.0
117617,2570.0
117618,8740.0
117619,1200.0
117623,1385.0
117626,3360.0
117627,42.5166036650487
117630,1400.0
117635,0.0
117650,1400.0
117654,2939.0
117657,2100.0
117658,846.0
117660,2026.0
117662,500.0
117663,9152.59087581319
117667,4421.0
117672,4700.0
117673,5975.0
117681,6186.0
117684,5706.0
117687,5000.0
117689,1089.931755946
117695,5491.47
117700,1877.0
117701,2715.2
117705,697.0
117707,1941.338
117717,1000.0
117720,804.0
117722,2441.0
117730,360.0
117741,2160.0
117753,2080.0
117769,16583.324
117777,1680.0
117778,840.0
117786,746.0
117789,955.0
117801,4181.29109408
117807,1048.0
117814,2465.0
117819,2451.2142634
117821,7700.0
117823,1088.0
117830,2374.0
117834,3780.0
117837,3806.89258276623
117842,5834.33
117844,5271.67
117846,2520.0
117853,1386.67
117854,4000.0
117860,4292.76915035325
117875,2400.0
117882,8300.0
117886,9790.65000000001
117894,4200.0
117897,4060.0
117898,6020.0
117906,11233.33
117907,0.0
117909,5010.0
117917,0.0
117919,5847.7
117924,19500.0
117926,3902.08
117931,8190.0
117934,1260.0
117938,1686.0
117939,11435.4408093614
117941,1443.0
117955,5610.0
117956,7095.84
117962,3000.0
117964,2614.0
117965,4150.0
117971,4024.0
117972,698.0
117973,13820.0
117979,1191.60102298
117980,1492.0
117981,1970.0
117984,2713.22
117987,2519.0
117988,3466.67
117989,7700.0
117990,0.0
117992,5223.04092271882
117996,1120.0
118001,2794.88173551629
118005,1025.0
118008,8000.0
118015,3894.0
118019,3500.0
118021,19933.34
118024,7420.0
118028,1548.71387567045
118029,550.0
118038,5590.0
118040,5167.0
118041,5425.0
118048,2118.0
118058,1094.7
118060,1257.0
118061,2912.0
118076,1610.0
118078,2400.0
118080,3683.33
118084,1394.0
118085,5288.0
118087,9384.02936392318
118089,3560.85945873569
118091,10460.482818258
118092,1883.74992682899
118099,4340.0
118101,3120.0
118103,10000.0
118112,1193.0
118114,13500.0
118116,1400.0
118117,16690.0
118122,1154.0
118125,1797.17
118127,4333.34
118135,1400.0
118136,5200.0
118142,1550.0
118144,0.0
118152,1157.0
118155,8100.0
118156,13100.0
118169,6000.0
118170,742.0
118172,12540.0
118177,10226.851049377
118183,854.0
118185,975.231840152177
118188,1598.0
118193,1990.0
118195,3700.0
118199,4700.18972165843
118200,764.200352107521
118204,12627.34
118206,4759.0
118207,1600.0
118211,4792.662
118217,1784.0
118220,2000.0
118223,4564.94581627703
118228,902.0
118234,1680.0
118237,1623.0
118238,4038.634155538
118245,2400.0
118247,6490.05562411784
118248,3306.93393690166
118250,1776.67
118257,7700.0
118259,6000.0
118264,1347.0
118265,2109.17
118268,7886.662
118275,5642.0
118277,4800.0
118278,11208.75
118289,2476.86848829125
118292,7660.0
118293,2898.34661776789
118296,9600.0
118303,831.338
118314,1300.0
118317,800.0
118321,7363.0
118323,383.927130343258
118325,3003.720107968
118329,2245.0
118333,1190.0
118335,1440.0
118338,5880.0
118351,1461.0
118356,4450.0
118358,1800.0
118368,3200.0
118369,1050.0
118372,2717.0
118381,1255.0
118383,2310.0
118386,420.0
118387,15326.4363098768
118391,7786.43593845163
118392,7281.8951933
118393,1925.0
118396,1049.0
118398,1553.0
118403,5733.33
118405,4550.0
118406,3606.0
118409,6200.0
118410,2000.0
118411,3518.662
118414,2518.0
118415,548.888311330572
118417,1456.0
118423,13242.66
118427,25650.0
118428,2300.0
118432,1420.0
118439,5827.0
118447,3047.61607598
118448,5893.34
118451,871.0
118455,2686.0
118460,4000.0
118461,2615.0
118463,2520.0
118470,1499.33
118473,1149.50946854108
118476,2472.0
118485,1889.0
118493,491.0
118494,5306.0
118501,4480.0
118506,8928.66488505527
118518,3618.0
118519,3096.0
118522,1300.0
118523,1303.5
118528,5213.662
118534,1640.0
118541,8330.0
118547,811.0
118551,3380.0
118555,1298.0
118558,3554.0
118559,1376.96964877632
118562,2662.0
118565,5300.0
118567,1983.0
118570,6166.67
118574,3571.0
118578,3710.0
118580,4420.0
118585,4854.80547586536
118586,2360.0
118587,3138.52451075649
118597,4100.0
118602,720.0
118607,1260.0
118620,3750.0
118624,995.709106776761
118626,1408.33
118636,694.0
118638,16966.67
118640,2846.25
118642,7280.0
118644,3780.0
118650,2500.0
118653,3030.0
118656,6925.66
118661,900.0
118663,4267.14481787936
118674,1343.33
118677,4388.0
118684,8683.79999999999
118685,5957.33
118694,3219.82746821889
118696,1854.0
118697,840.0
118698,2000.0
118703,1120.0
118704,1300.0
118709,2120.0
118711,2783.37280203614
118712,3000.0
118719,1825.20216911861
118720,1921.67
118728,1400.0
118731,4131.526
118732,2425.9322189134
118733,2739.0
118735,2513.34
118740,2376.0
118749,1554.0
118752,5600.0
118757,5058.49053832
118763,262.0
118765,0.0
118767,2530.0
118768,1906.0
118771,3380.0
118774,1820.0
118781,11950.0
118806,2240.0
118807,2953.8
118808,3172.0
118812,2601.0
118813,4610.662
118821,197.0
118825,1247.0
118828,698.0
118829,2960.0
118833,835.0
118837,6891.67
118845,1824.0
118846,3750.5
118848,718.0
118851,5701.662
118861,6777.97
118865,691.0
118881,5218.31030237118
118882,7760.0
118889,350.0
118895,530.0
118896,7240.0
118898,2645.0
118929,3184.64662861983
118951,4080.06111978226
118956,420.0
118962,169.0
118973,1257.0
118974,25650.0
118983,2277.0
118985,4400.0
118987,0.0
118989,1200.0
118991,1520.46
118994,1005.0
118995,2800.0
119000,5244.83
119004,2426.662
119008,803.0
119011,3500.0
119013,3667.53021385222
119020,1370.27252943518
119022,10460.0
119023,1000.0
119028,7583.324
119032,5402.43
119050,269.361617499186
119057,1148.0
119059,4000.0
119062,1433.6
119075,8701.66
119077,6133.34
119083,2772.462
119085,9418.0
119090,5853.49788993569
119093,3300.0
119096,5180.0
119097,1292.0
119100,4126.276
119101,5250.0
119104,681.0
119108,884.0
119115,1400.0
119119,3736.67
119121,5156.662
119129,3000.0
119136,1457.0
119138,3780.0
119139,280.0
119143,1333.0
119144,1240.0
119153,1032.0
119156,1423.338
119158,3900.0
119163,4949.34148427071
119164,4200.0
119174,6000.0
119176,5295.0
119185,1713.0
119192,1338.75790381388
119196,7822.75
119205,2879.08
119206,4161.09937442204
119208,3497.992
119215,1400.0
119216,5310.31433984899
119217,3580.0
119224,3440.0
119236,5600.0
119242,5156.676
119244,1260.42
119260,2466.0
119265,1350.0
119268,2380.0
119272,870.649816468396
119275,3360.0
119276,5263.538
119277,3220.0
119283,873.485586977483
119285,2750.0
119289,775.0
119290,8800.0
119294,2561.64595646034
119297,4462.17
119298,5320.0
119299,5712.0
119300,280.0
119301,2076.0
119304,1500.0
119309,1075.0
119319,704.185859639008
119321,5320.0
119324,5400.0
119327,2071.0
119329,2100.0
119330,49.4719031203552
119331,1900.0
119345,2595.47347672246
119346,5310.0
119347,1278.22415449573
119348,4333.33
119355,5065.1279424
119356,4099.16198275767
119357,1300.0
119358,1920.0
119364,2598.82849872019
119368,1702.9711203
119371,4900.0
119373,4916.67
119374,1456.0
119375,3400.0
119379,7294.67
119380,5500.0
119382,3909.0
119383,3900.0
119384,715.0
119391,2200.0
119394,3400.0
119400,9260.0
119405,5902.0
119406,1950.0
119412,2615.3
119417,1422.0
119419,628.33
119421,1600.0
119425,700.0
119427,1231.538
119429,841.0
119432,1820.0
119433,4340.0
119435,12600.0
119437,1301.19416807288
119438,4189.0
119441,1600.0
119452,1993.33
119454,5180.0
119455,3220.13101155933
119456,2860.0
119458,5673.2
119461,4280.0
119466,7954.27
119470,5553.338
119476,2892.4
119479,2200.0
119486,8470.21015512127
119501,1680.0
119502,2253.33
119504,1034.0
119506,2069.062
119510,4755.0
119511,1500.0
119522,4862.13213314049
119529,3672.0
119534,1630.0
119540,5085.0
119542,2244.67
119557,300.0
119567,2654.35399052
119570,2380.0
119572,1680.0
119577,25650.0
119578,4201.799677058
119580,1291.724
119582,14342.0
119585,600.0
119586,4706.67
119592,1207.07803653054
119594,2313.24556966
119598,2184.42610249069
119599,7000.0
119601,5600.0
119602,2878.0
119603,2588.0
119605,1624.0
119606,3554.37638768036
119609,396.0
119621,3200.0
119622,1120.0
119628,3940.0
119629,3050.0
119631,800.0
119632,1150.0
119634,1598.0
119635,650.0
119637,14500.0
119640,1198.0
119642,3990.0
119643,2555.0
119647,4248.33
119648,1983.33
119652,7710.78009098638
119658,1308.0
119674,1374.0
119675,1604.85106181759
119678,2398.0
119683,6066.662
119686,2077.00338871748
119694,946.0
119695,6706.51872027662
119696,1500.0
119713,1248.11692271999
119718,700.0
119719,865.747169976954
119723,1283.484314162
119729,5600.0
119735,3000.0
119740,4130.0
119746,400.0
119750,16.3191637663188
119751,11760.0
119755,4246.668
119770,687.672777893997
119774,4500.0
119776,3382.0
119777,8260.0
119780,4080.0
119781,5911.17639298505
119785,1539.29982437819
119791,3463.88
119801,4900.0
119803,2021.0
119806,2240.0
119812,8400.0
119815,4123.33
119817,3490.0
119819,1950.0
119822,2591.71059958703
119826,5000.0
119828,4774.53717615905
119829,560.0
119830,5245.85807560129
119831,13263.34
119832,698.0
119833,3220.0
119842,2560.0
119845,625.643787061002
119851,1246.0
119854,460.0
119855,4500.0
119862,7431.676
119877,6300.0
119879,12707.0
119881,1661.0
119890,8810.0
119901,2100.0
119902,1600.0
119905,3700.0
119908,3520.0
119912,8322.02468295389
119932,1542.0
119946,641.934277572228
119957,3640.0
119965,1700.0
119966,3380.0
119968,1000.0
119970,819.0
119974,12040.0
119980,5617.0
119982,1330.0
119985,1030.0
119987,1063.75622316081
119989,1600.0
119991,5369.0
119994,722.0
119998,2308.0
120000,1672.0
120001,718.0
120005,1960.0
120008,4480.0
120011,10300.0
120014,4206.02514807102
120015,7611.22441786
120017,615.0
120029,4106.662
120036,4200.0
120049,2200.0
120067,2500.0
120077,1009.0
120078,523.6
120080,2352.0
